model,val_loss,val_acc,forget_loss,forget_acc,retain_loss,retain_acc
full_ckks,3.8115263446807863,16.68,3.807661760138601,15.189206282281017,3.7728455478256073,17.21852109641709
oracle_ckks,2.7474633047103882,35.15,3.4742959230758124,20.754716981132077,2.120264330544881,46.693845083026744
unlearn_ckks,3.4108138080596926,22.73,4.051145040361901,11.636976915779488,3.2463154119066733,25.781931877188914
