model,val_loss,val_acc
full,2.7005160111415236,35.95
oracle,2.753055542330199,34.83
unlearn,2.5787484857100473,40.24
