full_vs_oracle_l2,unlearn_vs_oracle_l2,full_vs_oracle_last_layer_l2,unlearn_vs_oracle_last_layer_l2
28487.81341885078,21377.198178529372,17.21927089907122,17.424834536310026
