model,val_loss,val_acc
full,2.7005160111415236,35.95
oracle,2.8140079235728783,33.66
unlearn,2.63621937474118,40.72
