model,threshold,member_mean_conf,nonmember_mean_conf,mia_acc
full,0.5,0.32840570388157925,0.33640590067766607,0.48888130303325855
oracle,0.5,0.28371768708234624,0.3450748450640589,0.4507948893006925
unlearn,0.5,0.4200233505287415,0.5054000458341091,0.4348483370720765
