model,val_loss,val_acc
full,2.7005160111415236,35.95
oracle,2.7965809197365483,33.64
unlearn,2.759734189963039,37.81
