model,val_loss,val_acc
full,2.7005160111415236,35.95
oracle,2.812843953506856,33.79
unlearn,2.71968087968947,38.91
