{
  "train_loss": [
    4.369502087707519,
    3.565134928512573,
    3.159238390579224,
    2.8597704040527345,
    2.6231438176727293,
    2.150424771270752,
    2.017129171180725,
    1.9359619902038574,
    1.8605541316986085,
    1.7940026155090332
  ],
  "train_acc": [
    8.689,
    19.258,
    26.717,
    32.582,
    37.286,
    47.702,
    50.497,
    52.191,
    53.967,
    55.267
  ],
  "val_loss": [
    4.005678639984131,
    3.533744362640381,
    3.215353925704956,
    2.913096915435791,
    2.8099921310424807,
    2.2451367095947266,
    2.1634602546691895,
    2.1255760318756103,
    2.061797737503052,
    2.0611060623168944
  ],
  "val_acc": [
    12.46,
    20.0,
    26.74,
    32.22,
    33.92,
    45.56,
    47.48,
    48.35,
    49.72,
    49.8
  ]
}